,0
2017-12-22,0.0
2017-12-25,0.0
2017-12-26,0.0
2017-12-27,0.0
2017-12-28,0.0
2017-12-29,0.0
2018-01-01,0.0
2018-01-02,0.0
2018-01-03,0.0
2018-01-04,0.0
2018-01-05,0.0
2018-01-08,0.0
2018-01-09,0.0
2018-01-10,0.0
2018-01-11,0.0
2018-01-12,-0.00030818610600132643
2018-01-15,-0.002825
2018-01-16,-0.02497117166758668
2018-01-17,-0.0007345
2018-01-18,0.0059325
2018-01-19,-0.0041245
2018-01-22,-0.0067235
2018-01-23,0.000565
2018-01-24,0.0025424999999999996
2018-01-25,-0.000339
2018-01-26,0.0052545
2018-01-29,-0.0053675
2018-01-30,-0.014464
2018-01-31,0.000678
2018-02-01,-0.010057
2018-02-02,-0.010057
2018-02-05,-0.015481
2018-02-06,0.0110175
2018-02-07,0.0037855
2018-02-08,0.0011865
2018-02-09,-0.001469
2018-02-12,0.0092095
2018-02-13,-0.004859
2018-02-14,0.011187
2018-02-15,0.006131107780510856
2018-02-16,0.003616
2018-02-19,0.009379
2018-02-20,-0.0002825
2018-02-21,-0.0067235
2018-02-22,0.0
2018-02-23,-0.0063844999999999996
2018-02-26,0.0018645
2018-02-27,0.0036679101172981537
2018-02-28,-0.0030520434424141855
2018-03-01,0.007717460129146552
2018-03-02,0.00618573978326795
2018-03-05,-0.0008090875187720565
2018-03-06,-0.008611925888843713
2018-03-07,-0.011766
2018-03-08,-0.009398
2018-03-09,0.003774
2018-03-12,-0.012432
2018-03-13,0.004958000000000001
2018-03-14,-0.013616
2018-03-15,0.0011840000000000002
2018-03-16,0.004849886496795592
2018-03-19,-0.002442
2018-03-20,0.007992
2018-03-21,-0.0014060000000000001
2018-03-22,-0.003996
2018-03-23,-0.000222
2018-03-26,-0.011174
2018-03-27,0.002886
2018-03-28,-0.00296
2018-03-29,-0.01221
2018-03-30,-0.004292000000000001
2018-04-02,0.0014060000000000001
2018-04-03,0.007696
2018-04-04,-0.007918
2018-04-05,-0.000814
2018-04-06,0.003774
2018-04-09,-0.006364
2018-04-10,0.00222
2018-04-11,0.00185
2018-04-12,0.012280045072431287
2018-04-13,0.004725
2018-04-16,-0.0013913120574888594
2018-04-17,-0.00165
2018-04-18,0.0037480639805325205
2018-04-19,0.002714147781312384
2018-04-20,0.009176146462373332
2018-04-23,-0.0020150000000000003
2018-04-24,0.009220584143524762
2018-04-25,-0.006677707265786878
2018-04-26,0.003585814162672263
2018-04-27,0.004131740142054444
2018-04-30,-0.0037505245468835656
2018-05-01,-0.006358673047747631
2018-05-02,0.006364774523161773
2018-05-03,0.011712978887666146
2018-05-04,0.0003898252682558051
2018-05-07,-0.010862873590042753
2018-05-08,-0.0038525
2018-05-09,0.001005
2018-05-10,-0.0041875
2018-05-11,-0.0134
2018-05-14,0.00469
2018-05-15,-0.0135675
2018-05-16,-0.003950570584612853
2018-05-17,-0.007755508140432712
2018-05-18,0.012954980135439498
2018-05-21,-0.004865296540745048
2018-05-22,-0.011748000000000001
2018-05-23,-0.010412999999999999
2018-05-24,-0.0012015
2018-05-25,-0.0009345
2018-05-28,-0.0046725
2018-05-29,0.003471
2018-05-30,-0.0033374999999999998
2018-05-31,0.0068084999999999994
2018-06-01,0.004272000000000001
2018-06-04,-0.0064080000000000005
2018-06-05,0.003471
2018-06-06,-0.00026700000000000004
2018-06-07,0.001869
2018-06-08,-0.026166000000000002
2018-06-11,0.0005340000000000001
2018-06-12,-0.0049395
2018-06-13,-0.00801
2018-06-14,0.011214
2018-06-15,-0.0041504504692616625
2018-06-18,0.005206499999999999
2018-06-19,0.00026700000000000004
2018-06-20,-0.0008010000000000001
2018-06-21,0.00040050000000000003
2018-06-22,-0.0166875
2018-06-25,0.005206499999999999
2018-06-26,-0.0030705
2018-06-27,-0.001335
2018-06-28,0.0
2018-06-29,-0.0066749999999999995
2018-07-02,0.0196245
2018-07-03,-0.00267
2018-07-04,0.005072999999999999
2018-07-05,-0.0065415000000000004
2018-07-06,0.0030705
2018-07-09,0.002403
2018-07-10,-0.0081435
2018-07-11,-0.0010680000000000002
2018-07-12,-0.005072999999999999
2018-07-13,-0.0005177407722305404
2018-07-16,0.014418
2018-07-17,0.0174885
2018-07-18,-0.00026700000000000004
2018-07-19,0.004806
2018-07-20,-0.0022695000000000002
2018-07-23,0.008811
2018-07-24,0.015406521399082877
2018-07-25,-0.001369855959674883
2018-07-26,-0.01458496931825227
2018-07-27,0.011924999999999998
2018-07-30,-0.0014039693075132988
2018-07-31,-0.021872741311201965
2018-08-01,-0.007224
2018-08-02,-0.001806
2018-08-03,-0.025542
2018-08-06,-0.006811670284798265
2018-08-07,-0.008138486312837933
2018-08-08,-0.0156444615726731
2018-08-09,0.0038954677302836284
2018-08-10,-0.002888
2018-08-13,-0.00228
2018-08-14,-0.004158278495218209
2018-08-15,0.008208
2018-08-16,-0.0015199999999999999
2018-08-17,0.002888
2018-08-20,-0.006384
2018-08-21,0.0056240000000000005
2018-08-22,-0.005776
2018-08-23,0.0076
2018-08-24,0.0038
2018-08-27,0.001824
2018-08-28,0.010944
2018-08-29,-0.00228
2018-08-30,-0.004864
2018-08-31,0.005472
2018-09-03,0.0056240000000000005
2018-09-04,0.004255999999999999
2018-09-05,-0.013074832077503847
2018-09-06,-0.015606
2018-09-07,-0.000153
2018-09-10,-0.005814000000000001
2018-09-11,0.000306
2018-09-12,0.001683
2018-09-13,0.0032826962382160167
2018-09-14,0.002142
2018-09-17,-0.009027
2018-09-18,0.00306
2018-09-19,0.001989
2018-09-20,0.00459
2018-09-21,0.005661
2018-09-24,0.0
2018-09-25,0.0
2018-09-26,-0.005661
2018-09-27,0.005661
2018-09-28,-0.002142
2018-10-01,-0.001989
2018-10-02,-0.001377
2018-10-03,-0.0029070000000000003
2018-10-04,0.004284
2018-10-05,-0.0009180000000000001
2018-10-08,0.003366
2018-10-09,-0.001683
2018-10-10,-0.00153
2018-10-11,-0.010863000000000001
2018-10-12,6.9591208997744555e-06
2018-10-15,0.005967
2018-10-16,0.001071
2018-10-17,0.00045900000000000004
2018-10-18,-0.00153
2018-10-19,0.001377
2018-10-22,-0.0009180000000000001
2018-10-23,-0.000153
2018-10-24,0.000612
2018-10-25,-0.000612940156556066
2018-10-26,-0.00046424840909112806
2018-10-29,-0.0038920903351606865
2018-10-30,0.0001570819025486945
2018-10-31,0.0009473616718315639
2018-11-01,0.0012803612821377305
2018-11-02,0.00032139271981109245
2018-11-05,0.0013123961010227587
2018-11-06,0.0014949087717798938
2018-11-07,0.002523914065261831
2018-11-08,-0.003071651280801654
2018-11-09,-0.0017217508789114178
2018-11-12,-0.002682777931275493
2018-11-13,-0.0008775943483716484
2018-11-14,-0.028066959131162198
2018-11-15,0.0008925
2018-11-16,-0.0044624999999999995
2018-11-19,-0.0230265
2018-11-20,-0.0130305
2018-11-21,0.0055335
2018-11-22,-0.0098175
2018-11-23,-0.0087465
2018-11-26,-0.0116025
2018-11-27,0.0030345
2018-11-28,0.015886499999999998
2018-11-29,0.0019610457930943643
2018-11-30,-0.0035399999999999997
2018-12-03,-0.010797000000000001
2018-12-04,0.002124
2018-12-05,-0.005664
2018-12-06,-0.011505000000000001
2018-12-07,0.0035399999999999997
2018-12-10,-0.0035399999999999997
2018-12-11,-0.0008849999999999999
2018-12-12,0.00081212949239749
2018-12-13,-0.0070799999999999995
2018-12-14,-0.0026550000000000002
2018-12-17,0.014159999999999999
2018-12-18,0.0051329999999999995
2018-12-19,-0.0008849999999999999
2018-12-20,0.014868
2018-12-21,-0.004425
2018-12-24,0.013098
2018-12-25,0.0
2018-12-26,-0.010974
2018-12-27,-0.005841
2018-12-28,0.007965
2018-12-31,-0.005841
2019-01-01,0.0
2019-01-02,0.006372
2019-01-03,-0.001416
2019-01-04,0.009558
2019-01-07,-0.0008849999999999999
2019-01-08,-0.0008849999999999999
2019-01-09,0.0008849999999999999
2019-01-10,-0.014159999999999999
2019-01-11,-0.003717
2019-01-14,0.005487
2019-01-15,-0.004248
2019-01-16,0.0010079124223852478
2019-01-17,0.002301
2019-01-18,-0.004425
2019-01-21,0.000531
2019-01-22,0.0017699999999999999
2019-01-23,-0.0019470000000000002
2019-01-24,0.001416
2019-01-25,-0.000708
2019-01-28,-0.0038940000000000003
2019-01-29,-0.0008849999999999999
2019-01-30,0.0017699999999999999
2019-01-31,-0.0012389999999999999
2019-02-01,0.000354
2019-02-04,0.0
2019-02-05,0.000531
2019-02-06,-0.002124
2019-02-07,0.0
2019-02-08,0.010797000000000001
2019-02-11,-0.0017699999999999999
2019-02-12,-0.0008849999999999999
2019-02-13,0.000177
2019-02-14,-0.000708
2019-02-15,0.002446488658624808
2019-02-18,0.008673
2019-02-19,0.001224846458555375
2019-02-20,0.001248770606470516
2019-02-21,-0.0031860222733658054
2019-02-22,0.0016939990748613618
2019-02-25,-0.007207569128434132
2019-02-26,-0.002696
2019-02-27,-0.0043809999999999995
2019-02-28,0.008761999999999999
2019-03-01,-0.000337
2019-03-04,-0.009099000000000001
2019-03-05,0.009436
2019-03-06,0.001011
2019-03-07,0.000337
2019-03-08,0.002696
2019-03-11,-0.00337
2019-03-12,0.001011
2019-03-13,-0.001348
2019-03-14,0.000674
2019-03-15,0.007420100100430666
2019-03-18,0.000674
2019-03-19,0.0016657195795660858
2019-03-20,0.003156372785601977
2019-03-21,-0.0056547424235762435
2019-03-22,0.0012015
2019-03-25,-0.008811570723415669
2019-03-26,0.002406
2019-03-27,0.008421
2019-03-28,-0.000802
2019-03-29,0.007619
2019-04-01,0.0032041828156689355
2019-04-02,0.05376053876092174
2019-04-03,0.024565716643459867
2019-04-04,-0.02323915346103488
2019-04-05,0.037736
2019-04-08,-0.004257268995988512
2019-04-09,0.0012636304664183965
2019-04-10,0.007298636305794089
2019-04-11,-0.0248969592690784
2019-04-12,0.011858
2019-04-15,-0.014014
2019-04-16,0.015737176117883365
2019-04-17,0.004845127766308474
2019-04-18,0.007068365272177924
2019-04-19,0.0005444053435232602
2019-04-22,0.012938864472915772
2019-04-23,0.001708974637924416
2019-04-24,-0.014522571484760195
2019-04-25,-0.03717
2019-04-26,0.0005899999999999999
2019-04-29,-0.0023834090082937172
2019-04-30,0.01814782443410319
2019-05-01,0.0016091281835929872
2019-05-02,0.01054
2019-05-03,0.034255
2019-05-06,-0.000527
2019-05-07,0.019499
2019-05-08,0.0036868920460836644
2019-05-09,0.024281160846557546
2019-05-10,0.09435194162091383
2019-05-13,0.11900750190247612
2019-05-14,-0.0016653126989579234
2019-05-15,0.026361
2019-05-16,-0.03330689973547788
2019-05-17,0.0386325
2019-05-20,-0.028179
2019-05-21,0.0018162132812151136
2019-05-22,-0.024915
2019-05-23,0.024009
2019-05-24,0.073839
2019-05-27,0.00495497531892104
2019-05-28,-0.006888
2019-05-29,-0.0030135
2019-05-30,-0.0374535
2019-05-31,0.0469245
2019-06-03,-0.026260500000000003
2019-06-04,-0.07491103290908759
2019-06-05,0.012307520173459447
2019-06-06,-0.009754974759649678
2019-06-07,-0.007949013588446335
2019-06-10,0.024712303003216838
2019-06-11,-0.001548051986233304
2019-06-12,0.013272290224939533
2019-06-13,0.00879
2019-06-14,0.049300495626123764
2019-06-17,0.015822
2019-06-18,-0.022854
2019-06-19,0.018459
2019-06-20,0.018741336369922326
2019-06-21,0.08139395991021538
2019-06-24,0.004575010415128125
2019-06-25,0.053286
2019-06-26,0.042051
2019-06-27,-0.087312
2019-06-28,-0.007756323673103649
2019-07-01,-0.026435499999999997
2019-07-02,0.0183015
2019-07-03,0.065072
2019-07-04,-0.013376517859870348
2019-07-05,-0.014150000000000001
2019-07-08,0.055751
2019-07-09,0.0028299999999999996
2019-07-10,-0.021791
2019-07-11,-0.042733
2019-07-12,-0.05633842710450641
2019-07-15,0.020054194164788073
2019-07-16,-0.062433564568278276
2019-07-17,0.014403887992569444
2019-07-18,0.026039755316974316
2019-07-19,0.00041485813357586233
2019-07-22,-0.008432
2019-07-23,-0.006128372628470113
2019-07-24,-0.010440419732454085
2019-07-25,0.0013632300230276891
2019-07-26,-0.0074895228742579275
2019-07-29,-0.002596108913775073
2019-07-30,0.002968
2019-07-31,0.0106
2019-08-01,0.008586
2019-08-02,0.013886
2019-08-05,0.017278
2019-08-06,-0.011024
2019-08-07,0.015572439770878218
2019-08-08,-0.004349915224488264
2019-08-09,-0.0002930208190857844
2019-08-12,-0.012109520780197282
2019-08-13,-0.019482074709517613
2019-08-14,-0.023202111610050632
2019-08-15,0.004998913369166257
2019-08-16,-0.0028700182488279858
2019-08-19,0.014282971344922372
2019-08-20,0.00012905933545020572
2019-08-21,-0.020592000000000003
2019-08-22,0.00325151226746482
2019-08-23,0.00638
2019-08-26,-0.00264
2019-08-27,-0.0034100000000000003
2019-08-28,-0.01111
2019-08-29,-0.00528
2019-08-30,0.00759
2019-09-02,0.013859999999999999
2019-09-03,0.00737
2019-09-04,-0.0044
2019-09-05,0.00077
2019-09-06,-0.00506
2019-09-09,-0.0033
2019-09-10,-0.00374
2019-09-11,0.00187
2019-09-12,0.00638
2019-09-13,-0.0031031354148020524
2019-09-16,0.00055
2019-09-17,-0.00264
2019-09-18,-0.00010999999999999999
2019-09-19,0.00099
2019-09-20,-0.00253
2019-09-23,-0.00737
2019-09-24,-0.02618
2019-09-25,-0.0042899999999999995
2019-09-26,-0.0121
2019-09-27,0.00297
2019-09-30,0.00407
2019-10-01,0.0022
2019-10-02,-0.00308
2019-10-03,-0.00242
2019-10-04,-0.00638
2019-10-07,0.008579999999999999
2019-10-08,-0.00242
2019-10-09,0.01012
2019-10-10,-0.00077
2019-10-11,-0.006175190415997492
2019-10-14,0.00099
2019-10-15,-0.00451
2019-10-16,-0.00484
2019-10-17,0.00242
2019-10-18,0.00385
2019-10-21,0.0
2019-10-22,-0.00165
2019-10-23,-0.017159999999999998
2019-10-24,0.00231
2019-10-25,0.04939
2019-10-28,-0.0017508592696129147
2019-10-29,-0.0009165
2019-10-30,-0.003666
2019-10-31,-0.0007049999999999999
2019-11-01,0.000423
2019-11-04,0.003948
2019-11-05,-0.0015086483549909642
2019-11-06,0.0005372381930503308
2019-11-07,-0.0037175015762167434
2019-11-08,-0.00471440605085036
2019-11-11,-0.007227
2019-11-12,0.0019615341971928506
2019-11-13,-0.0006569999999999999
2019-11-14,-0.0023200337358987356
2019-11-15,-0.0034882380441891596
2019-11-18,-0.005744572665436161
2019-11-19,-0.0016339999999999998
2019-11-20,-0.000258
2019-11-21,-0.0086
2019-11-22,-0.012986
2019-11-25,0.004896783730012228
2019-11-26,-0.00084
2019-11-27,0.007644
2019-11-28,-0.0015973078037138865
2019-11-29,0.0002505
2019-12-02,-0.0021709999999999998
2019-12-03,-0.0002505
2019-12-04,-0.0014195
2019-12-05,0.004008
2019-12-06,0.0011690000000000001
2019-12-09,-0.00334
2019-12-10,-0.0019205
2019-12-11,-0.0007515
2019-12-12,-0.00012468430950114445
2019-12-13,-0.0020875
2019-12-16,-0.003674
2019-12-17,-0.0047595
2019-12-18,0.011356
2019-12-19,-0.001837
2019-12-20,0.0060955
2019-12-23,-0.0032565
2019-12-24,-0.000835
2019-12-25,0.0
2019-12-26,-0.000668
2019-12-27,-0.0002505
2019-12-30,0.0004175
2019-12-31,-0.0014195
2020-01-01,-8.35e-05
2020-01-02,-0.0042585
2020-01-03,0.0077655
2020-01-06,0.0079325
2020-01-07,0.006346000000000001
2020-01-08,-0.0024215
2020-01-09,-0.004008
2020-01-10,0.0066219341293058
2020-01-13,-0.0017289993538203477
2020-01-14,0.02532624922348108
2020-01-15,-0.005010392062639254
2020-01-16,-0.004771975899887586
2020-01-17,-0.003005769254856071
2020-01-20,-0.0022887066688851427
2020-01-21,0.007954986571107077
2020-01-22,-0.01073183774545148
2020-01-23,-0.026546683394676935
2020-01-24,0.024948
2020-01-27,0.034188
2020-01-28,0.047124
2020-01-29,-0.0032847063702713336
2020-01-30,0.022936508917582313
2020-01-31,-0.028603422284704846
2020-02-03,-0.0119805
2020-02-04,-0.014272813813700968
2020-02-05,0.061453376207084576
2020-02-06,0.018608
2020-02-07,0.047683
2020-02-10,-0.035471499999999996
2020-02-11,0.054079499999999996
2020-02-12,0.01163
2020-02-13,-0.0273305
2020-02-14,-0.03608812194895383
2020-02-17,-0.030238
2020-02-18,0.0668725
2020-02-19,-0.084899
2020-02-20,0.0037948388099871356
2020-02-21,0.039819112542691666
2020-02-24,-0.04482826043270397
2020-02-25,-0.017818944713645285
2020-02-26,-0.04397855396279803
2020-02-27,-0.0021276333780655193
2020-02-28,-0.010677306732469298
2020-03-02,0.00998418341810357
2020-03-03,-0.0020724873046285212
2020-03-04,-0.0014960000000000002
2020-03-05,0.005235999999999999
2020-03-06,-0.013260000000000001
2020-03-09,-0.0045026216897901435
2020-03-10,0.001674
2020-03-11,-0.000744
2020-03-12,-0.02697
2020-03-13,-0.00531359747383245
2020-03-16,-0.0050711618823596205
2020-03-17,0.00486
2020-03-18,-0.000315
2020-03-19,0.00846
2020-03-20,-0.004278793949666047
2020-03-23,0.005829
2020-03-24,0.0019575
2020-03-25,-0.0010875
2020-03-26,0.0006525
2020-03-27,-0.0076124999999999995
2020-03-30,0.005655
2020-03-31,-0.000261
2020-04-01,0.001131
2020-04-02,0.0026534999999999996
2020-04-03,-0.0018705
2020-04-06,0.0057855
2020-04-07,-0.001305
2020-04-08,0.001479
2020-04-09,-0.0010005
2020-04-10,-0.002262
2020-04-13,-0.001566
2020-04-14,0.0008265
2020-04-15,-0.0020540688857940527
2020-04-16,0.0039585
2020-04-17,0.0001305
2020-04-20,-0.0026534999999999996
2020-04-21,-8.7e-05
2020-04-22,0.0024360000000000002
2020-04-23,0.004263
2020-04-24,8.7e-05
2020-04-27,0.001479
2020-04-28,-0.0003390275605132199
2020-04-29,0.012389409907043077
2020-04-30,-0.0030735539268839673
2020-05-01,0.008374880220013634
2020-05-04,-0.0005719278950649158
2020-05-05,0.0017811652881898057
2020-05-06,0.02702693006319303
2020-05-07,0.04817761460391849
2020-05-08,-0.1052596208448126
2020-05-11,-0.01967142073439429
2020-05-12,0.020862351429316698
2020-05-13,0.03653556884841077
2020-05-14,0.0308945
2020-05-15,-0.007592202362983219
2020-05-18,0.0002775611628369099
2020-05-19,0.0010677382934742086
2020-05-20,-0.0209225090182458
2020-05-21,-0.031462500000000004
2020-05-22,-0.00881816020805757
2020-05-25,-0.01670808237140208
2020-05-26,-0.0070920199552708405
2020-05-27,0.023954723668983532
2020-05-28,0.018652739211562987
2020-05-29,0.0008895
2020-06-01,0.017197
2020-06-02,-0.019282222823679106
2020-06-03,0.0087145
2020-06-04,0.016828
2020-06-05,-0.003964581768952223
2020-06-08,-0.0023186678529888128
2020-06-09,0.003065767881220696
2020-06-10,0.008877435129922631
2020-06-11,-0.046801981760472185
2020-06-12,-0.005636530129506494
2020-06-15,0.011857890884771252
2020-06-16,0.0035851289208749188
2020-06-17,-0.0034273380320349995
2020-06-18,-0.004448635871919065
2020-06-19,-0.00346320764705919
2020-06-22,0.019259477620334215
2020-06-23,-0.0012989999999999998
2020-06-24,-0.016454
2020-06-25,-0.00198726412150865
2020-06-26,-0.006890895177721228
2020-06-29,0.004132465580305892
2020-06-30,-0.002365453014197662
2020-07-01,0.0024784242184536175
2020-07-02,-0.002277
2020-07-03,6.9e-05
2020-07-06,0.0026910000000000002
2020-07-07,-0.000621
2020-07-08,0.00345
2020-07-09,-0.00414
2020-07-10,0.001173
2020-07-13,-0.0007589999999999999
2020-07-14,0.00011327299675227936
2020-07-15,-0.0009660000000000001
2020-07-16,-0.001725
2020-07-17,0.0013109999999999999
2020-07-20,-0.000207
2020-07-21,0.003519
2020-07-22,0.001794
2020-07-23,0.001104
2020-07-24,0.005955919915419511
2020-07-27,0.026229596029860695
2020-07-28,-0.013690826322322264
2020-07-29,0.01509719790790777
2020-07-30,-0.008058265055960656
2020-07-31,-0.002672936470656892
2020-08-03,0.0009269127098880767
2020-08-04,-2.133093201129144e-05
2020-08-05,0.04760678123453841
2020-08-06,0.0095
2020-08-07,-0.016516857620608612
2020-08-10,0.018768508754012904
2020-08-11,-0.0608900100727816
2020-08-12,0.030218
2020-08-13,0.02282276383311761
2020-08-14,0.019798
2020-08-17,0.051058000000000006
2020-08-18,-0.039596
2020-08-19,-0.034907
2020-08-20,0.009378
2020-08-21,-0.022403
2020-08-24,0.00521
2020-08-25,-0.05001943833185646
2020-08-26,0.01871218246494989
2020-08-27,-0.027897572951940647
2020-08-28,0.042665732980906326
2020-08-31,0.0017936494347918295
2020-09-01,0.0209535
2020-09-02,-0.048777
2020-09-03,-0.050673915188975134
2020-09-04,-0.02531774498505961
2020-09-07,0.006493399855826626
2020-09-08,-0.0034799999999999996
2020-09-09,0.0020399999999999997
2020-09-10,0.00108
2020-09-11,-0.0014131504890589597
2020-09-14,0.00432
2020-09-15,0.00108
2020-09-16,0.00318
2020-09-17,-0.0013800000000000002
2020-09-18,-0.00054
2020-09-21,-0.00486
2020-09-22,6e-05
2020-09-23,-0.00444
2020-09-24,0.008100000000000001
2020-09-25,-0.00035999999999999997
2020-09-28,0.00156
2020-09-29,-0.0015
2020-09-30,-0.0009
2020-10-01,-0.0010199999999999999
2020-10-02,0.00048
2020-10-05,0.00132
2020-10-06,-0.00228
2020-10-07,0.00114
2020-10-08,0.00294
2020-10-09,0.005639999999999999
2020-10-12,0.003532600185577556
2020-10-13,-0.003058103518374737
2020-10-14,-0.0007639240783388275
2020-10-15,0.002989378612677806
2020-10-16,-0.0017895130408958398
2020-10-19,0.013906998963952732
2020-10-20,0.009363284772741924
2020-10-21,0.0763230927704083
2020-10-22,-0.010032291542644907
2020-10-23,-0.00954630514080464
2020-10-26,0.002633650545399528
2020-10-27,0.054420127060218614
2020-10-28,-0.036667
2020-10-29,0.020811000000000003
2020-10-30,0.0302255
2020-11-02,-0.0272525
2020-11-03,0.046081500000000004
2020-11-04,0.0153605
2020-11-05,0.14070526466354016
2020-11-06,-0.0036201474421404373
2020-11-09,-0.023894000000000002
2020-11-10,-0.001838
2020-11-11,0.042364366094144804
2020-11-12,0.054221000000000005
2020-11-13,-0.038598
2020-11-16,0.07122250000000001
2020-11-17,0.086386
2020-11-18,0.00961934305672352
2020-11-19,0.002235
2020-11-20,0.055428
2020-11-23,0.00044699999999999997
2020-11-24,0.076884
2020-11-25,-0.05811
2020-11-26,-0.12696863013712753
2020-11-27,0.08831721738093833
2020-11-30,0.11784890581902559
2020-12-01,-0.0674842307220631
2020-12-02,0.02284299228540133
2020-12-03,0.014993000000000001
2020-12-04,-0.011484000000000001
2020-12-07,-0.009889
2020-12-08,-0.06061
2020-12-09,0.01595
2020-12-10,-0.01595
2020-12-11,0.05587966167398241
2020-12-14,0.007793141553808298
2020-12-15,0.0087
2020-12-16,0.1284
2020-12-17,0.09019655408564488
2020-12-18,0.0326875
2020-12-21,-0.0465687988816577
2020-12-22,0.0627935
2020-12-23,-0.0417725
2020-12-24,0.005390000000000001
2020-12-25,0.1695155
2020-12-28,0.029267237049333424
2020-12-29,0.009145499999999999
2020-12-30,0.0776195
2020-12-31,0.00046899999999999996
2021-01-01,0.20213899999999999
2021-01-04,-0.05104751313409297
2021-01-05,0.08326457321300017
2021-01-06,0.1097820506933479
2021-01-07,0.08437186059950637
2021-01-08,-0.0354240584769772
2021-01-11,-0.0958629151573951
2021-01-12,-0.05661236801147116
2021-01-13,0.09669132037289675
2021-01-14,0.06362852535567182
2021-01-15,-0.10890365114635019
2021-01-18,0.03181006746748918
2021-01-19,-0.023496000000000003
2021-01-20,-0.0140175
2021-01-21,-0.1355025
2021-01-22,0.04691723184130895
2021-01-25,-0.0009088289280575162
2021-01-26,0.003516354967661424
2021-01-27,-0.04182122835669484
2021-01-28,0.05070933438025884
2021-01-29,-0.004770187448479928
2021-02-01,0.007434107844221336
2021-02-02,0.023704999999999997
2021-02-03,0.022054999999999998
2021-02-04,-0.0071038772512067505
2021-02-05,0.021660185949824055
2021-02-08,0.09819164452659875
2021-02-09,0.0026132772266466726
2021-02-10,-0.022045535010730144
2021-02-11,0.04465389117132567
2021-02-12,0.010656820178555433
2021-02-15,-0.013593028148231443
2021-02-16,0.020464438833020203
2021-02-17,0.06502507693263597
2021-02-18,-0.016037
2021-02-19,0.11875120661947086
2021-02-22,-0.081294
2021-02-23,-0.1146932636343141
2021-02-24,0.024319717828766064
2021-02-25,-0.058998399640465805
2021-02-26,-0.03059757049579759
2021-03-01,0.06563484477956406
2021-03-02,-0.015550127886037457
2021-03-03,0.02448818485463222
2021-03-04,-0.026705
2021-03-05,0.036152365089724796
2021-03-08,0.004894045330573846
2021-03-09,0.03195
2021-03-10,0.0113
2021-03-11,0.021177382139536398
2021-03-12,0.0265103928293498
2021-03-15,-0.052949404180615556
2021-03-16,0.0005006424982520732
2021-03-17,0.025204290927592417
2021-03-18,-0.007371
2021-03-19,-0.001197
2021-03-22,-0.045801
2021-03-23,-0.0008036844124863649
2021-03-24,-0.02433077390397303
2021-03-25,-0.007707391491310186
2021-03-26,0.03671436993238232
2021-03-29,0.019763201307525628
2021-03-30,0.0107325
2021-03-31,0.000486
2021-04-01,0.0002639441353023724
2021-04-02,-0.007206974565366642
2021-04-05,0.008275110176828774
2021-04-06,-0.009976810193594213
2021-04-07,-0.02327
2021-04-08,0.0143225
2021-04-09,0.026459999999999997
2021-04-12,0.0019875
2021-04-13,0.0387825
2021-04-14,-0.0066300000000000005
2021-04-15,0.01317218664962537
2021-04-16,-0.09284078485470604
2021-04-19,-0.0017825290543853009
2021-04-20,-0.01447203946918055
2021-04-21,0.003487013364120891
2021-04-22,-0.008309393398384364
2021-04-23,-0.022234078825042216
2021-04-26,0.024626547224598862
2021-04-27,0.0075070263457299915
2021-04-28,0.00062
2021-04-29,0.004441
2021-04-30,0.018583150176346902
2021-05-03,0.016306
2021-05-04,0.014027000000000001
2021-05-05,-0.007118
2021-05-06,0.021789
2021-05-07,0.050815
2021-05-10,0.021873999999999998
2021-05-11,-0.018911999999999998
2021-05-12,0.035225
2021-05-13,-0.040244
2021-05-14,-0.05420463313275106
2021-05-17,-0.028256
2021-05-18,0.008231335165624541
2021-05-19,-0.030046499999999997
2021-05-20,-0.023222
2021-05-21,-0.0218425
2021-05-24,-0.016109661729420265
2021-05-25,0.011791899972335727
2021-05-26,8.172501803335744e-05
2021-05-27,0.0010395
2021-05-28,-0.0010605
2021-05-31,-0.0059535000000000005
2021-06-01,0.0025095
2021-06-02,-0.0009765
2021-06-03,0.0024885
2021-06-04,0.0027825
2021-06-07,-0.006846
2021-06-08,-0.0032655
2021-06-09,-0.0013755
2021-06-10,0.007875
2021-06-11,5.25e-05
2021-06-14,0.00378
2021-06-15,0.002322515939890067
2021-06-16,-0.000189
2021-06-17,-0.0052710000000000005
2021-06-18,0.00063
2021-06-21,-0.0046515
2021-06-22,-0.009387
2021-06-23,0.0044835000000000005
2021-06-24,0.000252
2021-06-25,0.002898
2021-06-28,-0.000987
2021-06-29,0.000147
2021-06-30,0.003276
2021-07-01,-0.0025095
2021-07-02,-0.0026985
2021-07-05,0.00378
2021-07-06,-0.002898
2021-07-07,0.000105
2021-07-08,0.000273
2021-07-09,-0.0035175000000000002
2021-07-12,0.004158
2021-07-13,-0.0031395
2021-07-14,-0.0012495
2021-07-15,0.0011737991914908242
2021-07-16,-0.0029715
2021-07-19,-0.00021
2021-07-20,-0.0014175
2021-07-21,0.002751
2021-07-22,0.0
2021-07-23,0.0
2021-07-26,0.0
2021-07-27,0.0
2021-07-28,0.0
2021-07-29,0.0
2021-07-30,0.0
2021-08-02,0.0
2021-08-03,0.0
2021-08-04,-6.6555940769993985e-06
2021-08-05,0.0
2021-08-06,0.019471207052395977
2021-08-09,0.003106
2021-08-10,0.01447224666191034
2021-08-11,0.000929191166311965
2021-08-12,-0.0036177973628104764
2021-08-13,0.008375223252154937
2021-08-16,0.021203974320989714
2021-08-17,-0.02087307505249706
2021-08-18,-0.020272585593418494
2021-08-19,-0.00663701663032361
2021-08-20,0.04347392175480103
2021-08-23,0.03382574626619549
2021-08-24,0.0011451939082959622
2021-08-25,-0.03504801694268409
2021-08-26,0.0061875
2021-08-27,0.014680449896479765
2021-08-30,-0.010641237585028093
2021-08-31,-0.01619011331667171
2021-09-01,0.0322235
2021-09-02,0.043949999999999996
2021-09-03,0.058394
2021-09-06,-0.003219
2021-09-07,0.007370937955059965
2021-09-08,-0.138470705655217
2021-09-09,0.017477556719047577
2021-09-10,-0.009209282668095968
2021-09-13,-0.014687388516739565
2021-09-14,0.01793497568416863
2021-09-15,0.010590689369883435
2021-09-16,0.006375
2021-09-17,-0.0171475
2021-09-20,-0.03259211080529487
2021-09-21,-0.023986807411000302
2021-09-22,0.0076613781407800395
2021-09-23,0.003763396581985606
2021-09-24,-0.004416
2021-09-27,0.000264
2021-09-28,-0.0024360000000000002
2021-09-29,-0.002916
2021-09-30,0.0012360000000000001
2021-10-01,0.016164
2021-10-04,0.000513714838536353
2021-10-05,0.002288
2021-10-06,0.013585
2021-10-07,-0.0031484113015617815
2021-10-08,0.0031875687531095526
2021-10-11,-0.0009374229697516048
2021-10-12,0.015602684965491559
2021-10-13,-0.0113540492976717
2021-10-14,0.010920015482061878
2021-10-15,0.042836816492839346
2021-10-18,-0.002341973541285985
2021-10-19,0.030175338093071172
2021-10-20,0.033045141798171945
2021-10-21,-0.043803712343215825
2021-10-22,-0.01679923282951844
2021-10-25,0.035889000000000004
2021-10-26,-0.043134
2021-10-27,-0.03318
2021-10-28,0.059468575991989105
2021-10-29,0.002453926887362255
2021-11-01,0.003075
2021-11-02,-0.008516000000000001
2021-11-03,0.064857
2021-11-04,-0.016171
2021-11-05,0.010823000000000001
2021-11-08,0.027452
2021-11-09,0.03751969174816545
2021-11-10,-0.022293862355143967
2021-11-11,-0.03995055731636836
2021-11-12,0.006743578812788511
2021-11-15,-0.015586
2021-11-16,-0.08124748366831336
2021-11-17,-0.042683408408629234
2021-11-18,-0.010886513770041436
2021-11-19,0.011595524442553207
2021-11-22,-0.01974067144356773
2021-11-23,0.00111670016825714
2021-11-24,0.011463413122154011
2021-11-25,0.003314137086466666
2021-11-26,-0.00615
2021-11-29,0.0094625
2021-11-30,-0.000725
2021-12-01,0.0122625
2021-12-02,-0.0106375
2021-12-03,-0.037525
2021-12-06,-0.00022698333960956976
2021-12-07,0.010980108993149409
2021-12-08,-0.0003885
2021-12-09,-0.0062895
2021-12-10,0.004906750511310049
2021-12-13,-0.000819
2021-12-14,-0.005376
2021-12-15,0.0032235000000000002
2021-12-16,-0.002331
2021-12-17,-0.002184
2021-12-20,0.0008085000000000001
2021-12-21,0.003885
2021-12-22,-0.00030450000000000003
2021-12-23,-0.000672
2021-12-24,0.0050085
2021-12-27,-0.0001785
2021-12-28,-0.000693
2021-12-29,-0.005607
2021-12-30,-0.0025515
2021-12-31,0.0014385000000000001
2022-01-03,-0.000399
2022-01-04,-0.0020369999999999997
2022-01-05,-0.005974500000000001
2022-01-06,-0.00063
2022-01-07,-0.002751
2022-01-10,-0.0004095
2022-01-11,7.35e-05
2022-01-12,0.0022364999999999998
2022-01-13,0.0021
2022-01-14,-0.001413910983602795
2022-01-17,-0.000399
2022-01-18,-0.001113
2022-01-19,-0.0015854999999999999
2022-01-20,-0.002058
2022-01-21,-0.008988000000000001
2022-01-24,-0.000777
2022-01-25,0.0001365
2022-01-26,0.0016275
2022-01-27,0.000378
2022-01-28,0.0017954999999999998
2022-01-31,-0.002226
2022-02-01,0.0031290000000000003
2022-02-02,0.0004935
2022-02-03,-0.0036435
2022-02-04,0.011696999999999999
2022-02-07,-0.0010815
2022-02-08,0.004683
2022-02-09,0.0006405
2022-02-10,-0.001827
2022-02-11,-0.0031605
2022-02-14,0.0015329999999999999
2022-02-15,-0.00011399695516151532
2022-02-16,0.003045
2022-02-17,-0.0079065
2022-02-18,-0.004599
2022-02-21,-0.0024885
2022-02-22,0.002268
2022-02-23,-0.0019844999999999997
2022-02-24,0.0021105
2022-02-25,-0.001386
2022-02-28,0.0117705
2022-03-01,0.00105
2022-03-02,0.0017745
2022-03-03,-0.0006194999999999999
2022-03-04,-0.011970000000000001
2022-03-07,0.00030450000000000003
2022-03-08,-0.000546
2022-03-09,0.001554
2022-03-10,0.0062475000000000004
2022-03-11,-0.008914499999999999
2022-03-14,9.45e-05
2022-03-15,0.0035385
2022-03-16,-0.0003885
2022-03-17,0.003462093256110244
2022-03-18,0.0007034999999999999
2022-03-21,-0.000357
2022-03-22,0.002793
2022-03-23,0.001134
2022-03-24,0.0024360000000000002
2022-03-25,0.005610404072609015
2022-03-28,0.0024369631473846027
2022-03-29,0.001084662342638254
2022-03-30,0.0012231504234112177
2022-03-31,-0.011277522811033036
2022-04-01,0.023719999999999998
2022-04-04,-0.0016143590962301767
2022-04-05,-0.017251551210206245
2022-04-06,-0.063135
2022-04-07,0.008295854938265429
2022-04-08,-0.014756782401064896
2022-04-11,-0.023990747884434983
2022-04-12,-0.015233191036296225
2022-04-13,0.008812854546942183
2022-04-14,0.0031864765110440857
2022-04-15,-0.006105984743881796
2022-04-18,-0.0020155
2022-04-19,0.003549
2022-04-20,0.0046595
2022-04-21,-0.00489
2022-04-22,-0.009857431064247543
2022-04-25,0.0022545
2022-04-26,-0.006034500000000001
2022-04-27,0.0024705
2022-04-28,0.0019034999999999998
2022-04-29,-0.0041715
2022-05-02,0.000756
2022-05-03,-0.0024435
2022-05-04,0.005710499999999999
2022-05-05,-0.0096255
2022-05-06,-0.0053865
2022-05-09,-0.008586
2022-05-10,-0.0008774999999999999
2022-05-11,-0.0054945
2022-05-12,0.00016199999999999998
2022-05-13,0.0061155
2022-05-16,-0.002771718290628835
2022-05-17,0.000945
2022-05-18,-0.003186
2022-05-19,-0.0013365
2022-05-20,0.004617
2022-05-23,-0.000189
2022-05-24,-0.003348
2022-05-25,0.001539
2022-05-26,-0.0004995
2022-05-27,0.0
2022-05-30,0.000135
2022-05-31,0.0061695
2022-06-01,2.7000000000000002e-05
2022-06-02,-0.00567
2022-06-03,0.0007965
2022-06-06,-0.0002835
2022-06-07,0.003996
2022-06-08,-0.000486
2022-06-09,-0.0028079999999999997
2022-06-10,-0.00864
2022-06-13,-0.011974499999999999
2022-06-14,-0.0002619913967406484
2022-06-15,0.00018086128217811458
2022-06-16,-0.005849999999999999
2022-06-17,0.0010530000000000001
2022-06-20,-0.000845
2022-06-21,0.00117
2022-06-22,-0.0021579999999999998
2022-06-23,0.002301
2022-06-24,0.000208
2022-06-27,-0.0007019999999999999
2022-06-28,-0.0012740000000000002
2022-06-29,-0.000247
2022-06-30,-0.003562
2022-07-01,0.001092
2022-07-04,0.002327
2022-07-05,0.000793
2022-07-06,0.000208
2022-07-07,0.002938
2022-07-08,-0.001794
2022-07-11,3.9e-05
2022-07-12,-0.002197
2022-07-13,-0.0019500000000000001
2022-07-14,0.0032500000000000003
2022-07-15,0.0012078809584997019
2022-07-18,-0.000156
2022-07-19,0.002132
2022-07-20,0.004394
2022-07-21,-0.000949
2022-07-22,-0.000572
2022-07-25,-0.000546
2022-07-26,-0.003991
2022-07-27,-6.5e-05
2022-07-28,0.007969
2022-07-29,-0.0021493281132219226
2022-08-01,-0.00035299999999999996
2022-08-02,-0.001288
2022-08-03,-0.0014199999999999998
2022-08-04,-0.001673
2022-08-05,0.005729
2022-08-08,0.0011495905970306944
2022-08-09,0.000722040431012385
2022-08-10,0.011728667190116329
2022-08-11,0.004539467054254164
2022-08-12,0.006832105505835788
2022-08-15,-3.394879135217633e-05
2022-08-16,-0.007620213412110352
2022-08-17,-0.01305610362718693
2022-08-18,-0.001092
2022-08-19,-0.046005000000000004
2022-08-22,-0.003949637029559414
2022-08-23,0.005602445954539047
2022-08-24,0.0006715
2022-08-25,0.0028316753916536592
2022-08-26,-0.01787
2022-08-29,0.005095499999999999
2022-08-30,-0.000997011138095971
2022-08-31,0.0011505
2022-09-01,-0.0009945
2022-09-02,-0.00039
2022-09-05,0.000273
2022-09-06,-0.0043875
2022-09-07,0.0010724999999999999
2022-09-08,0.0012870000000000002
2022-09-09,0.009555000000000001
2022-09-12,0.0019217830989148505
2022-09-13,-0.0076786926528195545
2022-09-14,0.0004908329377366387
2022-09-15,-0.00021
2022-09-16,-0.0033074999999999997
2022-09-19,0.0005600000000000001
2022-09-20,-0.001925
2022-09-21,-0.0021525
2022-09-22,0.0034300000000000003
2022-09-23,-0.002065
2022-09-26,0.00126
2022-09-27,0.00029749999999999997
2022-09-28,0.001085
2022-09-29,-0.000245
2022-09-30,-0.00105
2022-10-03,0.001505
2022-10-04,0.00266
2022-10-05,-8.750000000000001e-05
2022-10-06,-0.00021
2022-10-07,-0.003115
2022-10-10,1.7500000000000002e-05
2022-10-11,-0.0007000000000000001
2022-10-12,7.000000000000001e-05
2022-10-13,0.00047781739919654855
2022-10-14,-0.0002625
2022-10-17,-8.750000000000001e-05
2022-10-18,0.0001225
2022-10-19,-0.0002275
2022-10-20,-0.0006475000000000001
2022-10-21,0.002065
2022-10-24,-0.00098
2022-10-25,0.0026425
2022-10-26,0.0028000000000000004
2022-10-27,-0.0018725
2022-10-28,0.0011725
2022-10-31,-0.0006202648171277709
2022-11-01,0.00011573261315951394
2022-11-02,-0.004791622977853076
2022-11-03,0.000936
2022-11-04,0.006546
2022-11-07,8.616992288478003e-05
2022-11-08,-0.03201394893268518
2022-11-09,-0.020178528843019815
2022-11-10,-0.01032547368853682
2022-11-11,0.012551140812153718
2022-11-14,-0.0037604723173038593
2022-11-15,0.002277
2022-11-16,-0.001419
2022-11-17,0.000693
2022-11-18,-9.900000000000001e-05
2022-11-21,-0.0029535
2022-11-22,0.0007425
2022-11-23,0.0021945000000000003
2022-11-24,0.0
2022-11-25,0.0001485
2022-11-28,-0.001023
2022-11-29,0.0009075
2022-11-30,0.0026895
2022-12-01,-0.000858
2022-12-02,0.0005775
2022-12-05,-0.0005775
2022-12-06,0.00033
2022-12-07,-0.0007920000000000001
2022-12-08,0.0015345
2022-12-09,-0.0004455
2022-12-12,8.67620401449082e-05
2022-12-13,0.002046
2022-12-14,0.0002145
2022-12-15,-0.001386
2022-12-16,-0.00198
2022-12-19,-0.0009735000000000001
2022-12-20,0.0011055
2022-12-21,-0.0004455
2022-12-22,-4.9500000000000004e-05
2022-12-23,0.0002475
2022-12-26,0.0
2022-12-27,-0.0007095
2022-12-28,-0.000132
2022-12-29,-3.3e-05
2022-12-30,0.000495
2023-01-02,0.0
2023-01-03,0.000264
2023-01-04,0.0005445
2023-01-05,0.00019800000000000002
2023-01-06,0.0002145
2023-01-09,0.001155
2023-01-10,0.00099
2023-01-11,0.0002805
2023-01-12,0.005169786114632691
2023-01-13,0.0012023230825651261
2023-01-16,-0.00025054260485198005
2023-01-17,0.04141921327432186
2023-01-18,-0.018116075629885063
2023-01-19,0.01352825910959478
2023-01-20,0.036176436900970436
2023-01-23,0.018147509554764848
2023-01-24,-0.004848739874315781
2023-01-25,-0.011204722998004539
2023-01-26,0.012459202494228092
2023-01-27,-0.0038363527839561425
2023-01-30,-0.024583717177034288
2023-01-31,0.020652499999999997
2023-02-01,0.025639819678541488
2023-02-02,0.01926431744368624
2023-02-03,-0.021188817584827255
2023-02-06,-0.012324
2023-02-07,0.01002
2023-02-08,-0.01838602913192917
2023-02-09,-0.042659
2023-02-10,-0.01992530509686632
2023-02-13,-0.009912638422693519
2023-02-14,0.029628071189968578
2023-02-15,0.06174618327121164
2023-02-16,0.013117773023391632
2023-02-17,0.00912210804150357
2023-02-20,-5.673008799305799e-05
2023-02-21,-0.014295853210159574
2023-02-22,-0.024209756624396093
2023-02-23,0.009705
2023-02-24,-0.0257625
2023-02-27,0.004240172675628442
2023-02-28,7.701967847444117e-05
2023-03-01,0.004205735350420134
2023-03-02,0.0014481374281432432
2023-03-03,-0.0320415465795782
2023-03-06,0.0014139386064875015
2023-03-07,-0.00540644247435471
2023-03-08,0.0010622824641261575
2023-03-09,-0.02375889143889084
2023-03-10,-0.0004377028261910443
2023-03-13,0.017005
2023-03-14,0.0031065512712499924
2023-03-15,-0.001911
2023-03-16,0.0017112635768382774
2023-03-17,0.0051722972266608404
2023-03-20,0.0036097955646649848
2023-03-21,0.00402473038920234
2023-03-22,-0.016115856251750552
2023-03-23,0.023302999999999997
2023-03-24,-0.009682079970090176
2023-03-27,-0.012597053449191362
2023-03-28,0.012951999999999998
2023-03-29,0.014059148514159093
2023-03-30,-0.007820984757664469
2023-03-31,0.011888715511365161
2023-04-03,-0.007652011104720251
2023-04-04,0.006363
2023-04-05,0.004325784179096589
2023-04-06,-0.00763662180434597
2023-04-07,0.0
2023-04-10,0.01846
2023-04-11,0.01479902724606055
2023-04-12,-0.0015055902202610499
2023-04-13,0.020544228767116958
2023-04-14,0.016806372703046742
2023-04-17,-0.023191872878274
2023-04-18,0.021387999999999997
2023-04-19,-0.047194
2023-04-20,-0.027593443873955535
2023-04-21,-0.036486775848281125
2023-04-24,0.002225848134979481
2023-04-25,0.009710916082190714
2023-04-26,0.004344090504829638
2023-04-27,0.017348818944381332
2023-04-28,-0.006804
2023-05-01,-0.0249565
2023-05-02,0.017017790961312517
2023-05-03,-0.0013346126419037437
2023-05-04,0.002939096545547561
2023-05-05,0.01058
2023-05-08,-0.022414999999999997
2023-05-09,0.0009510533316081881
2023-05-10,0.0017166053853479887
2023-05-11,-0.007783594631656707
2023-05-12,-0.0025469055364164155
2023-05-15,0.0032129999999999997
2023-05-16,-0.0017361360694947501
2023-05-17,0.001428
2023-05-18,-0.0022270000000000002
2023-05-19,0.000493
2023-05-22,0.000136
2023-05-23,0.001037
2023-05-24,-0.0029409999999999996
2023-05-25,-0.000136
2023-05-26,0.001122
2023-05-29,0.003417
2023-05-30,0.000272
2023-05-31,-0.002533
2023-06-01,-0.000969
2023-06-02,0.0013089999999999998
2023-06-05,-0.005542
2023-06-06,0.004777
2023-06-07,-0.001989
2023-06-08,0.000833
2023-06-09,-0.000697
2023-06-12,-0.001955
2023-06-13,-0.000289
2023-06-14,-0.003162
2023-06-15,0.002084440055138405
2023-06-16,0.002924
2023-06-19,0.001156
2023-06-20,0.005304
2023-06-21,0.006256
2023-06-22,0.0005099999999999999
2023-06-23,0.002879756189111019
2023-06-26,-0.005868116338833891
2023-06-27,0.004578914854199121
2023-06-28,-0.0065043662754326985
2023-06-29,0.005443662642511176
2023-06-30,-0.0026740847020290687
2023-07-03,0.010464882487401002
2023-07-04,-0.005786585572619245
2023-07-05,-0.008174772040149025
2023-07-06,-0.0046425
2023-07-07,-0.00256
2023-07-10,0.01069
2023-07-11,-0.005314999999999999
2023-07-12,-0.005175
2023-07-13,0.025345
2023-07-14,-0.024306648275785915
2023-07-17,-0.00734475864053657
2023-07-18,-0.0027203083128066858
2023-07-19,0.003352017764315934
2023-07-20,-0.004050828538126564
2023-07-21,0.0013935124283608609
2023-07-24,-0.009951355031514625
2023-07-25,0.001518593339927449
2023-07-26,0.0034750571866427114
2023-07-27,-0.004228182953737403
2023-07-28,0.0013823291013378204
2023-07-31,-0.001058296928919365
2023-08-01,0.000235
2023-08-02,-0.000658
2023-08-03,0.000799
2023-08-04,-0.001786
2023-08-07,0.0011749999999999998
2023-08-08,0.003948
2023-08-09,-0.0024675
2023-08-10,-0.0004935
2023-08-11,4.7000000000000004e-05
2023-08-14,-0.0007893026944186172
2023-08-15,-0.001034
2023-08-16,-0.0007520000000000001
2023-08-17,-0.0066974999999999995
2023-08-18,-0.0074495
2023-08-21,0.0
2023-08-22,-0.001316
2023-08-23,0.0035485
2023-08-24,-0.0032195
2023-08-25,0.000517
2023-08-28,-0.0004935
2023-08-29,0.007943
2023-08-30,-0.001974
2023-08-31,-0.006133499999999999
2023-09-01,-0.0006815
2023-09-04,0.000799
2023-09-05,-0.0011985
2023-09-06,-0.00018800000000000002
2023-09-07,0.0015040000000000001
2023-09-08,-0.000235
2023-09-11,-0.0044415
2023-09-12,0.0048175
2023-09-13,0.0009532882507100177
2023-09-14,0.0012925
2023-09-15,-0.000517
2023-09-18,0.0016685
2023-09-19,0.0021385
2023-09-20,-0.0008225
2023-09-21,-0.0025615
2023-09-22,-0.0003055
2023-09-25,-0.000611
2023-09-26,-0.0010105000000000001
2023-09-27,0.000235
2023-09-28,0.0046295
2023-09-29,-0.001316
2023-10-02,0.004465
2023-10-03,-0.0022795000000000003
2023-10-04,0.001363
2023-10-05,-0.0011985
2023-10-06,0.0028552216628291525
2023-10-09,-0.0024840446081602235
2023-10-10,-0.001320416799329604
2023-10-11,-0.0052925
2023-10-12,3.65e-05
2023-10-13,0.0015584088166927187
2023-10-16,0.010280504668034976
2023-10-17,0.000165
2023-10-18,-0.0014450913229366003
2023-10-19,0.004091111704188166
2023-10-20,0.007519939739750697
2023-10-23,0.02245523503002234
2023-10-24,0.026974055949256316
2023-10-25,0.01544954217818023
2023-10-26,-0.010019803333539466
2023-10-27,-0.010243105829548066
2023-10-30,0.015916378869404696
2023-10-31,0.010026123068179753
2023-11-01,0.02316973769640754
2023-11-02,-0.022090870117249545
2023-11-03,-0.0070999999999999995
2023-11-06,0.028697387223539098
2023-11-07,0.01677869948482875
2023-11-08,-0.002048913479099563
2023-11-09,0.07150023622247674
2023-11-10,0.036748829884024524
2023-11-13,-0.02509287703648652
2023-11-14,-0.057648000000000005
2023-11-15,0.074198
2023-11-16,-0.07642881885522881
2023-11-17,0.009031661711141389
2023-11-20,0.045131500000000005
2023-11-21,-0.027319652079336093
2023-11-22,0.0403865
2023-11-23,-0.0094285
2023-11-24,0.009561
2023-11-27,-0.035547
2023-11-28,0.0350575
2023-11-29,-0.0167275
2023-11-30,0.004227
2023-12-01,0.030731500000000002
2023-12-04,0.09697900000000001
2023-12-05,0.048032145319028684
2023-12-06,-0.008276
2023-12-07,0.017872
2023-12-08,0.020992
2023-12-11,-0.09841255913112898
2023-12-12,-0.014252829172883796
2023-12-13,0.05251685129300144
2023-12-14,0.005588610500328212
2023-12-15,-0.02077
2023-12-18,0.0006345000000000001
2023-12-19,-0.010325500000000001
2023-12-20,0.0159535
2023-12-21,0.0140665
2023-12-22,0.0116315
2023-12-25,0.0
2023-12-26,-0.04101
2023-12-27,0.043785932543268284
2023-12-28,-0.016542540661706722
2023-12-29,-0.015280414148300956
2024-01-01,-2.2809189238259436e-05
2024-01-02,0.0416315
2024-01-03,-0.043775
2024-01-04,0.025292411999237555
2024-01-05,-0.0055695
2024-01-08,0.041712
2024-01-09,-0.012388695487392876
2024-01-10,0.01570737407357517
2024-01-11,0.0053
2024-01-12,-0.03082105451094558
2024-01-15,-5.7454607963769296e-05
2024-01-16,-0.001968988148264243
2024-01-17,-0.009576592979681206
2024-01-18,-0.02670603709688327
2024-01-19,0.009594887830339145
2024-01-22,-0.023974920969148467
2024-01-23,-0.01868137649832698
2024-01-24,0.0017899333390568445
2024-01-25,0.000726
2024-01-26,0.013280920210505127
2024-01-29,0.0052439999999999995
2024-01-30,0.001656
2024-01-31,-0.004945
2024-02-01,0.0021160000000000003
2024-02-02,-0.000414
2024-02-05,-0.002898
2024-02-06,0.00345
2024-02-07,0.005083
2024-02-08,0.006163999999999999
2024-02-09,0.009257454794485325
2024-02-12,0.015575720512548108
2024-02-13,-0.00643408584452532
2024-02-14,0.029722953888031763
2024-02-15,0.0025024324047925404
2024-02-16,-0.004182673158220627
2024-02-19,-1.174247372948205e-05
2024-02-20,0.02919219420036401
2024-02-21,-0.029306256911404312
2024-02-22,0.03289395438241436
2024-02-23,-0.0367225
2024-02-26,0.111768
2024-02-27,0.041651452604877875
2024-02-28,0.07544400000000001
2024-02-29,0.018174994246679413
2024-03-01,0.034476
2024-03-04,0.099438
2024-03-05,-0.07604378831133803
2024-03-06,0.10837631553377715
2024-03-07,0.013173459788913591
2024-03-08,0.021899500000000002
2024-03-11,0.06587900000000001
2024-03-12,-0.024008500000000002
2024-03-13,0.029099499999999997
2024-03-14,-0.0928595
2024-03-15,-0.023886368249497827
2024-03-18,-0.0636425
2024-03-19,-0.06257731995759197
2024-03-20,0.028394658629990105
2024-03-21,0.004057
2024-03-22,-0.030579305688525304
2024-03-25,0.10459614193262455
2024-03-26,-0.02601743389709819
2024-03-27,-0.01552
2024-03-28,0.025984609064661317
2024-03-29,0.0
2024-04-01,-0.01337
2024-04-02,-0.040574000000000006
2024-04-03,9.101553662833227e-05
2024-04-04,0.018871328085218332
2024-04-05,-0.009205605332429857
2024-04-08,0.02743200683072954
2024-04-09,-0.01708554054122481
2024-04-10,0.006426412482401086
2024-04-11,0.002301
2024-04-12,-0.021417000000000002
2024-04-15,-0.021681786819347088
2024-04-16,-0.0035716629162820296
2024-04-17,-0.007904283452148851
2024-04-18,0.009576060675059653
2024-04-19,0.00207551264133897
2024-04-22,0.006313999999999999
2024-04-23,-0.00049
2024-04-24,-0.007154000000000001
2024-04-25,0.002296
2024-04-26,-0.001106
2024-04-29,0.0
2024-04-30,0.0
2024-05-01,0.0
2024-05-02,0.0
2024-05-03,0.0
2024-05-06,0.0
2024-05-07,-0.0026040000000000004
2024-05-08,-0.0025340000000000002
2024-05-09,0.0010639999999999998
2024-05-10,-0.005292
2024-05-13,0.007084
2024-05-14,-0.004606
2024-05-15,0.01291067742179791
2024-05-16,-0.00294
2024-05-17,0.0055720000000000006
2024-05-20,0.008624
2024-05-21,-0.0026528864222449787
2024-05-22,0.001120113199162415
2024-05-23,-0.011041264255494834
2024-05-24,0.009160886025632538
2024-05-27,-5.043162902485214e-06
2024-05-28,0.003830800309100401
2024-05-29,-0.016577560129143677
2024-05-30,0.01062472743189288
2024-05-31,-0.005235999999999999
2024-06-03,0.0073
2024-06-04,0.013229999999999999
2024-06-05,0.016712626697505496
2024-06-06,-0.019640679109541936
2024-06-07,-0.024658711074126375
2024-06-10,-0.002097
2024-06-11,-0.042066
2024-06-12,0.005951004657628784
2024-06-13,-0.011824032211677946
2024-06-14,-0.016607319265016657
2024-06-17,0.02271328448325795
2024-06-18,-0.018942714490650818
2024-06-19,-1.5524589548245945e-05
2024-06-20,0.007976413799734586
2024-06-21,-0.0035465
2024-06-24,-0.021402
2024-06-25,0.012114624644539152
2024-06-26,-0.004154701403565589
2024-06-27,0.0014524999999999998
2024-06-28,-0.00532
2024-07-01,0.011795
2024-07-02,-0.005285
2024-07-03,-0.005004999999999999
2024-07-04,-0.0079975
2024-07-05,-0.0066325
2024-07-08,-7.000000000000001e-05
2024-07-09,0.0057225
2024-07-10,-0.0021875
2024-07-11,0.000735
2024-07-12,-0.00025033343280357194
2024-07-15,0.0219625
2024-07-16,0.004008166303180033
2024-07-17,-0.0009279999999999999
2024-07-18,-0.003568
2024-07-19,0.011439999999999999
2024-07-22,0.0035039999999999997
2024-07-23,-0.007776
2024-07-24,0.000778331016897079
2024-07-25,-0.003058626762786879
2024-07-26,0.008300825133817866
2024-07-29,-0.0007313597587643617
2024-07-30,-0.005424884610121678
2024-07-31,-0.00792
2024-08-01,0.000264
2024-08-02,-0.010704
